date,type,stock,shares,price,amount,pnl,return
2025-09-10,BUY,SHSE.600021,2405,20.79,49999.95,,
2025-09-10,BUY,SZSE.300014,715,69.92181,49994.09415,,
2025-09-10,BUY,SHSE.688006,1210,41.3054,49979.534,,
2025-09-10,BUY,SZSE.002074,1069,46.76,49986.439999999995,,
2025-09-11,BUY,SHSE.688006,1252,39.91825,49977.649,,
2025-09-11,BUY,SZSE.300450,831,60.13,49968.03,,
2025-09-11,BUY,SHSE.600021,2271,22.01,49984.71000000001,,
2025-09-11,BUY,SHSE.688778,581,86.0,49966.0,,
2025-09-12,BUY,SZSE.300450,912,54.8,49977.6,,
2025-09-12,BUY,SHSE.688006,1335,37.44332,49986.8322,,
2025-09-12,BUY,SHSE.601069,1594,31.35,49971.9,,
2025-09-12,BUY,SHSE.600977,2597,19.25,49992.25,,
2025-09-15,SELL,SZSE.002074,1069,45.96,49131.24,-855.1999999999971,-1.7108639863130826
2025-09-15,SELL,SHSE.688006,1210,38.07203,46067.156299999995,-3912.3777000000046,-7.8279595403990765
2025-09-15,SELL,SZSE.300014,715,73.67954,52680.871100000004,2686.7769500000068,5.374188683044689
2025-09-15,SELL,SHSE.600021,2405,21.68,52140.4,2140.4500000000044,4.280904280904285
2025-09-15,BUY,SZSE.002709,1623,30.8053,49997.001899999996,,
2025-09-15,BUY,SHSE.688778,603,82.82,49940.46,,
2025-09-15,BUY,SZSE.002558,1125,44.4309,49984.762500000004,,
2025-09-15,BUY,SZSE.300450,899,55.59,49975.41,,
2025-09-16,SELL,SHSE.688778,581,80.94,47026.14,-2939.8600000000006,-5.8837209302325615
2025-09-16,SELL,SHSE.600021,2271,21.07,47849.97,-2134.7400000000052,-4.2707860063607495
2025-09-16,SELL,SZSE.300450,831,55.0,45705.0,-4263.029999999999,-8.531515050723437
2025-09-16,SELL,SHSE.688006,1252,35.58712,44555.07424,-5422.574759999996,-10.849999686860023
2025-09-16,BUY,SHSE.603179,621,80.4,49928.4,,
2025-09-16,BUY,SHSE.600699,1640,30.48,49987.2,,
2025-09-16,BUY,SZSE.300857,318,156.99,49922.82,,
2025-09-16,BUY,SHSE.603516,324,154.0,49896.0,,
2025-09-17,SELL,SHSE.600977,2597,19.92,51732.240000000005,1739.9900000000052,3.480519480519484
2025-09-17,SELL,SHSE.601069,1594,29.86,47596.84,-2375.060000000005,-4.752791068580553
2025-09-17,SELL,SHSE.688006,1335,35.58712,47508.805199999995,-2478.027000000002,-4.9573595503817565
2025-09-17,SELL,SZSE.300450,912,53.57,48855.840000000004,-1121.7599999999948,-2.244525547445253
2025-09-17,BUY,SHSE.603516,300,166.5,49950.0,,
2025-09-17,BUY,SZSE.300475,637,78.38167,49929.12379,,
2025-09-17,BUY,SHSE.600977,2510,19.92,49999.200000000004,,
2025-09-17,BUY,SHSE.600580,967,51.7,49993.9,,
2025-09-18,BUY,SZSE.300475,662,75.49235,49975.9357,,
2025-09-18,BUY,SHSE.600580,882,56.67,49982.94,,
2025-09-18,BUY,SHSE.600699,1355,36.88,49972.4,,
2025-09-18,BUY,SHSE.600170,12886,3.88,49997.68,,
2025-09-19,BUY,SZSE.300475,585,77.51187,45344.44395,,
2025-09-19,BUY,SHSE.603516,278,162.84,45269.520000000004,,
2025-09-19,BUY,SZSE.300857,277,163.43,45270.11,,
2025-09-19,BUY,SZSE.002335,616,73.69,45393.04,,
2025-09-22,SELL,SHSE.600580,967,51.8,50090.6,96.69999999999709,0.19342359767891004
2025-09-22,SELL,SHSE.600977,2510,16.88,42368.799999999996,-7630.400000000009,-15.26104417670684
2025-09-22,SELL,SZSE.300475,637,87.63951,55826.36787,5897.244080000004,11.811230865583756
2025-09-22,SELL,SHSE.603516,300,160.0,48000.0,-1950.0,-3.9039039039039047
2025-09-22,SELL,SHSE.603516,324,160.0,51840.0,1944.0,3.8961038961038863
2025-09-22,SELL,SZSE.300857,318,175.03,55659.54,5736.720000000001,11.49117778202433
2025-09-22,SELL,SHSE.600699,1640,36.95,60598.00000000001,10610.80000000001,21.22703412073492
2025-09-22,SELL,SHSE.603179,621,77.78,48301.38,-1627.020000000004,-3.2587064676616984
2025-09-22,SELL,SZSE.300450,899,58.89,52942.11,2966.699999999997,5.936319481921193
2025-09-22,SELL,SZSE.002558,1125,44.7,50287.5,302.73749999999563,0.6056595747554017
2025-09-22,SELL,SHSE.688778,603,84.35,50863.049999999996,922.5899999999965,1.8473798599372149
2025-09-22,SELL,SZSE.002709,1623,30.20597,49024.28931,-972.7125899999955,-1.945541838579723
2025-09-22,BUY,SZSE.300475,570,87.63951,49954.5207,,
2025-09-22,BUY,SZSE.300857,285,175.03,49883.55,,
2025-09-22,BUY,SZSE.001309,322,155.11,49945.420000000006,,
2025-09-22,BUY,SHSE.688698,578,86.37391,49924.119979999996,,
2025-09-23,SELL,SHSE.600170,12886,3.5,45101.0,-4896.68,-9.79381443298969
2025-09-23,SELL,SHSE.600699,1355,37.3,50541.49999999999,569.0999999999913,1.1388286334056197
2025-09-23,SELL,SHSE.600580,882,52.79,46560.78,-3422.1600000000035,-6.846656079054181
2025-09-23,SELL,SZSE.300475,662,83.33051,55164.797620000005,5188.861920000003,10.382720898210218
2025-09-23,BUY,SHSE.600170,14285,3.5,49997.5,,
2025-09-23,BUY,SZSE.300857,295,168.98,49849.1,,
2025-09-23,BUY,SZSE.001309,293,170.62,49991.66,,
2025-09-23,BUY,SHSE.600699,1340,37.3,49981.99999999999,,
2025-09-24,SELL,SZSE.002335,616,73.34,45177.44,-215.59999999999854,-0.4749626815035879
2025-09-24,SELL,SZSE.300857,277,172.0,47644.0,2373.8899999999994,5.243835281160125
2025-09-24,SELL,SHSE.603516,278,158.01,43926.78,-1342.7400000000052,-2.9661016949152574
2025-09-24,SELL,SZSE.300475,585,84.98013,49713.37605,4368.932099999998,9.63498880881084
2025-09-24,BUY,SZSE.300475,588,84.98013,49968.31644,,
2025-09-24,BUY,SHSE.600699,1365,36.61,49972.65,,
2025-09-24,BUY,SZSE.300604,519,96.32,49990.079999999994,,
2025-09-24,BUY,SZSE.001309,274,182.0,49868.0,,
2025-09-25,BUY,SZSE.300115,1268,39.41,49971.88,,
2025-09-25,BUY,SHSE.688698,554,90.15794,49947.498759999995,,
2025-09-25,BUY,SHSE.603786,520,96.0,49920.0,,
2025-09-25,BUY,SHSE.603083,400,124.87,49948.0,,
2025-09-26,BUY,SZSE.001309,290,172.3,49967.0,,
2025-09-26,BUY,SHSE.603786,503,99.3,49947.9,,
2025-09-26,BUY,SZSE.301308,354,141.0,49914.0,,
2025-09-26,BUY,SHSE.600629,2108,23.71,49980.68,,
2025-09-29,SELL,SZSE.001309,274,186.08,50985.920000000006,1117.9200000000055,2.2417582417582516
2025-09-29,SELL,SZSE.300604,519,104.12,54038.28,4048.2000000000044,8.098006644518275
2025-09-29,SELL,SHSE.600699,1365,35.1,47911.5,-2061.1500000000015,-4.124556132204315
2025-09-29,SELL,SZSE.300475,588,84.2403,49533.2964,-435.02004000000306,-0.870591748918248
2025-09-29,SELL,SHSE.600699,1340,35.1,47034.0,-2947.9999999999927,-5.898123324396776
2025-09-29,SELL,SZSE.001309,293,186.08,54521.44,4529.779999999999,9.061071386707308
2025-09-29,SELL,SZSE.300857,295,181.17,53445.149999999994,3596.0499999999956,7.213871464078592
2025-09-29,SELL,SHSE.600170,14285,2.99,42712.15,-7285.3499999999985,-14.57142857142857
2025-09-29,SELL,SHSE.688698,578,88.64034,51234.116519999996,1309.99654,2.6239752258523374
2025-09-29,SELL,SZSE.001309,322,186.08,59917.76,9972.339999999997,19.96647540455161
2025-09-29,SELL,SZSE.300857,285,181.17,51633.45,1749.8999999999942,3.5079700622750343
2025-09-29,SELL,SZSE.300475,570,84.2403,48016.971000000005,-1937.549699999996,-3.878627345132346
2025-09-29,BUY,SZSE.300115,1205,41.46,49959.3,,
2025-09-29,BUY,SZSE.001309,268,186.08,49869.44,,
2025-09-29,BUY,SZSE.300604,480,104.12,49977.600000000006,,
2025-09-29,BUY,SHSE.688332,324,154.18,49954.32,,
2025-09-30,SELL,SHSE.603083,400,127.8,51120.0,1172.0,2.3464402979098242
2025-09-30,SELL,SHSE.603786,520,104.58,54381.6,4461.5999999999985,8.937499999999998
2025-09-30,SELL,SHSE.688698,554,95.2,52740.8,2793.301240000008,5.5924747171463896
2025-09-30,SELL,SZSE.300115,1268,41.68,52850.24,2878.3600000000006,5.759959401167225
2025-09-30,BUY,SHSE.603786,478,104.58,49989.24,,
2025-09-30,BUY,SZSE.300115,1199,41.68,49974.32,,
2025-09-30,BUY,SHSE.688698,525,95.2,49980.0,,
2025-09-30,BUY,SZSE.001309,244,204.69,49944.36,,
2025-10-09,SELL,SZSE.001309,244,208.08,50771.520000000004,827.1600000000035,1.6561629781621123
2025-10-09,SELL,SHSE.688698,525,91.21,47885.25,-2094.75,-4.191176470588243
2025-10-09,SELL,SZSE.300115,1199,41.2,49398.8,-575.5199999999968,-1.151631477927051
2025-10-09,SELL,SHSE.603786,478,100.55,48062.9,-1926.3399999999965,-3.853509275196021
2025-10-09,SELL,SHSE.688332,324,165.89,53748.35999999999,3794.0399999999936,7.595018809184051
2025-10-09,SELL,SZSE.300604,480,95.54,45859.200000000004,-4118.4000000000015,-8.24049174029965
2025-10-09,SELL,SZSE.001309,268,208.08,55765.44,5896.0,11.822871883061058
2025-10-09,SELL,SZSE.300115,1205,41.2,49646.0,-313.3000000000029,-0.6271104679208883
2025-10-09,SELL,SHSE.600629,2108,28.3,59656.4,9675.720000000001,19.35892028679882
2025-10-09,SELL,SZSE.301308,354,186.2,65914.8,16000.800000000003,32.05673758865248
2025-10-09,SELL,SHSE.603786,503,100.55,50576.65,628.75,1.2588116817723982
2025-10-09,SELL,SZSE.001309,290,208.08,60343.200000000004,10376.200000000004,20.766105629715614
2025-10-09,BUY,SZSE.300604,523,95.54,49967.420000000006,,
2025-10-09,BUY,SHSE.688123,326,153.03,49887.78,,
2025-10-09,BUY,SZSE.001309,240,208.08,49939.200000000004,,
2025-10-09,BUY,SHSE.688403,2549,19.61,49985.89,,
2025-10-10,BUY,SHSE.603156,1452,34.42,49977.840000000004,,
2025-10-10,BUY,SHSE.600629,1681,29.74,49992.939999999995,,
2025-10-10,BUY,SZSE.001309,252,198.0,49896.0,,
2025-10-10,BUY,SHSE.688123,355,140.6,49913.0,,
2025-10-13,BUY,SHSE.600629,1704,29.33,49978.32,,
2025-10-13,BUY,SHSE.603156,1600,31.25,50000.0,,
2025-10-13,BUY,SHSE.688347,368,135.72,49944.96,,
2025-10-13,BUY,SZSE.300260,762,65.58,49971.96,,
2025-10-14,SELL,SHSE.688403,2549,17.2,43842.799999999996,-6143.090000000004,-12.289648138704745
2025-10-14,SELL,SZSE.001309,240,174.98,41995.2,-7944.000000000007,-15.907343329488665
2025-10-14,SELL,SHSE.688123,326,145.06,47289.56,-2598.220000000001,-5.208129125008165
2025-10-14,SELL,SZSE.300604,523,83.93,43895.39000000001,-6072.029999999999,-12.151978229014027
2025-10-14,BUY,SHSE.600629,1624,30.77,49970.479999999996,,
2025-10-14,BUY,SZSE.300260,668,74.78,49953.04,,
2025-10-14,BUY,SHSE.688347,406,122.99,49933.939999999995,,
2025-10-14,BUY,SHSE.603156,1633,30.61,49986.13,,
2025-10-15,SELL,SHSE.688123,355,146.33,51947.15,2034.1500000000015,4.075391180654342
2025-10-15,SELL,SZSE.001309,252,178.6,45007.2,-4888.800000000003,-9.797979797979806
2025-10-15,SELL,SHSE.600629,1681,33.85,56901.850000000006,6908.910000000011,13.819771351714882
2025-10-15,SELL,SHSE.603156,1452,29.36,42630.72,-7347.120000000003,-14.700755374782105
2025-10-15,BUY,SHSE.600629,1477,33.85,49996.450000000004,,
2025-10-15,BUY,SHSE.688347,399,125.07,49902.93,,
2025-10-15,BUY,SHSE.601212,9259,5.4,49998.600000000006,,
2025-10-15,BUY,SZSE.301358,891,56.08,49967.28,,
2025-10-16,BUY,SHSE.601212,8417,5.94,49996.98,,
2025-10-16,BUY,SHSE.688347,412,121.15,49913.8,,
2025-10-16,BUY,SHSE.600531,3340,14.97,49999.8,,
2025-10-16,BUY,SHSE.600629,1342,37.24,49976.08,,
2025-10-17,BUY,SZSE.300260,842,59.32,49947.44,,
2025-10-17,BUY,SZSE.000969,2556,19.56,49995.35999999999,,
2025-10-17,BUY,SHSE.600403,7575,6.6,49995.0,,
2025-10-17,BUY,SHSE.603530,1229,40.68,49995.72,,
2025-10-20,SELL,SZSE.301358,891,53.65,47802.15,-2165.1299999999974,-4.333095577746072
2025-10-20,SELL,SHSE.601212,9259,5.88,54442.92,4444.319999999992,8.888888888888879
2025-10-20,SELL,SHSE.688347,399,117.18,46754.82,-3148.1100000000006,-6.308467258335327
2025-10-20,SELL,SHSE.600629,1477,37.21,54959.17,4962.719999999994,9.926144756277688
2025-10-20,SELL,SHSE.603156,1633,29.69,48483.770000000004,-1502.3599999999933,-3.005553740607636
2025-10-20,SELL,SHSE.688347,406,117.18,47575.08,-2358.8599999999933,-4.723961297666468
2025-10-20,SELL,SZSE.300260,668,59.46,39719.28,-10233.760000000002,-20.486761166087184
2025-10-20,SELL,SHSE.600629,1624,37.21,60429.04,10458.560000000005,20.929476763080924
2025-10-20,SELL,SZSE.300260,762,59.46,45308.520000000004,-4663.439999999995,-9.332113449222323
2025-10-20,SELL,SHSE.688347,368,117.18,43122.240000000005,-6822.719999999994,-13.6604774535809
2025-10-20,SELL,SHSE.603156,1600,29.69,47504.0,-2496.0,-4.991999999999996
2025-10-20,SELL,SHSE.600629,1704,37.21,63405.840000000004,13427.520000000004,26.866689396522347
2025-10-20,BUY,SZSE.300260,840,59.46,49946.4,,
2025-10-20,BUY,SZSE.000969,2574,19.42,49987.08,,
2025-10-20,BUY,SHSE.600490,5882,8.5,49997.0,,
2025-10-20,BUY,SHSE.601212,8503,5.88,49997.64,,
2025-10-21,SELL,SHSE.600629,1342,40.93,54928.06,4951.979999999996,9.908700322234143
2025-10-21,SELL,SHSE.600531,3340,13.31,44455.4,-5544.4000000000015,-11.088844355377425
2025-10-21,SELL,SHSE.688347,412,116.45,47977.4,-1936.4000000000015,-3.87948823772184
2025-10-21,SELL,SHSE.601212,8417,5.64,47471.88,-2525.100000000006,-5.050505050505061
2025-10-21,BUY,SZSE.000969,2423,20.63,49986.49,,
2025-10-21,BUY,SHSE.601212,8865,5.64,49998.6,,
2025-10-21,BUY,SHSE.600403,6257,7.99,49993.43,,
2025-10-21,BUY,SHSE.600629,1221,40.93,49975.53,,
2025-10-22,SELL,SHSE.603530,1229,37.28,45817.12,-4178.5999999999985,-8.357915437561447
2025-10-22,SELL,SHSE.600403,7575,8.79,66584.25,16589.25,33.18181818181818
2025-10-22,SELL,SZSE.000969,2556,21.33,54519.479999999996,4524.120000000003,9.04907975460123
2025-10-22,SELL,SZSE.300260,842,60.91,51286.219999999994,1338.7799999999916,2.680377612946727
2025-10-22,BUY,SHSE.600629,1357,36.84,49991.880000000005,,
2025-10-22,BUY,SZSE.000969,2344,21.33,49997.52,,
2025-10-22,BUY,SHSE.601126,1892,26.42,49986.64000000001,,
2025-10-22,BUY,SHSE.600403,5688,8.79,49997.52,,
2025-10-23,BUY,SZSE.002320,3779,13.23,49996.17,,
2025-10-23,BUY,SHSE.601126,1951,25.62,49984.62,,
2025-10-23,BUY,SHSE.600403,5170,9.67,49993.9,,
2025-10-23,BUY,SZSE.000620,20833,2.4,49999.2,,
2025-10-24,BUY,SZSE.002320,3706,13.49,49993.94,,
2025-10-24,BUY,SZSE.000620,18939,2.64,49998.96,,
2025-10-24,BUY,SZSE.300475,392,127.5402,49995.7584,,
2025-10-24,BUY,SHSE.601126,1829,27.33,49986.57,,
2025-10-27,SELL,SHSE.600403,5688,9.28,52784.64,2787.1200000000026,5.574516496018211
2025-10-27,SELL,SHSE.601126,1892,27.87,52730.04,2743.399999999994,5.488266464799385
2025-10-27,SELL,SZSE.000969,2344,20.89,48966.16,-1031.3599999999933,-2.0628223159868675
2025-10-27,SELL,SHSE.600629,1357,26.86,36449.02,-13542.860000000008,-27.09011943539632
2025-10-27,SELL,SHSE.600629,1221,26.86,32796.06,-17179.47,-34.37576349865624
2025-10-27,SELL,SHSE.600403,6257,9.28,58064.96,8071.529999999999,16.145181476846048
2025-10-27,SELL,SHSE.601212,8865,5.3,46984.5,-3014.0999999999985,-6.028368794326244
2025-10-27,SELL,SZSE.000969,2423,20.89,50616.47,629.9800000000032,1.2603005332040729
2025-10-27,SELL,SHSE.601212,8503,5.3,45065.9,-4931.739999999998,-9.863945578231291
2025-10-27,SELL,SHSE.600490,5882,8.24,48467.68,-1529.3199999999997,-3.0588235294117583
2025-10-27,SELL,SZSE.000969,2574,20.89,53770.86,3783.779999999999,7.569515962924811
2025-10-27,SELL,SZSE.300260,840,59.4,49896.0,-50.400000000001455,-0.10090817356206427
2025-10-27,BUY,SHSE.600403,5387,9.28,49991.35999999999,,
2025-10-27,BUY,SHSE.601608,6605,7.57,49999.85,,
2025-10-27,BUY,SZSE.301377,452,110.5582,49972.3064,,
2025-10-27,BUY,SZSE.000620,17241,2.9,49998.9,,
2025-10-28,SELL,SZSE.000620,20833,3.19,66457.27,16458.070000000007,32.91666666666666
2025-10-28,SELL,SHSE.600403,5170,8.6,44462.0,-5531.9000000000015,-11.065149948293696
2025-10-28,SELL,SHSE.601126,1951,26.78,52247.78,2263.159999999996,4.527712724434041
2025-10-28,SELL,SZSE.002320,3779,13.47,50903.130000000005,906.9600000000064,1.8140589569161092
2025-10-28,BUY,SHSE.600403,5813,8.6,49991.799999999996,,
2025-10-28,BUY,SHSE.601608,6451,7.75,49995.25,,
2025-10-28,BUY,SZSE.000620,15673,3.19,49996.87,,
2025-10-28,BUY,SHSE.688498,97,513.0,49761.0,,
2025-10-29,SELL,SHSE.601126,1829,29.46,53882.340000000004,3895.770000000004,7.793633369923181
2025-10-29,SELL,SZSE.300475,392,130.73,51246.159999999996,1250.4015999999974,2.5010153661355394
2025-10-29,SELL,SZSE.000620,18939,3.04,57574.56,7575.5999999999985,15.151515151515138
2025-10-29,SELL,SZSE.002320,3706,14.02,51958.119999999995,1964.179999999993,3.9288361749443945
2025-10-29,BUY,SHSE.600403,5861,8.53,49994.329999999994,,
2025-10-29,BUY,SZSE.301377,384,130.0005,49920.191999999995,,
2025-10-29,BUY,SZSE.300308,96,520.72,49989.12,,
2025-10-29,BUY,SZSE.300475,382,130.73,49938.85999999999,,
2025-10-30,BUY,SZSE.000620,18115,2.76,49997.399999999994,,
2025-10-30,BUY,SZSE.301308,176,283.0,49808.0,,
2025-10-30,BUY,SZSE.301200,400,125.0,50000.0,,
2025-10-30,BUY,SZSE.301377,364,137.1519,49923.291600000004,,
2025-10-31,BUY,SHSE.688183,459,108.8,49939.2,,
2025-10-31,BUY,SZSE.301377,408,122.5105,49984.284,,
2025-10-31,BUY,SZSE.300475,377,132.52,49960.04,,
2025-10-31,BUY,SZSE.301308,191,261.31,49910.21,,
2025-11-03,SELL,SZSE.300475,382,143.6,54855.2,4916.340000000004,9.844718121318753
2025-11-03,SELL,SZSE.300308,96,480.0,46080.0,-3909.1200000000026,-7.819941619296367
2025-11-03,SELL,SZSE.301377,384,117.4009,45081.9456,-4838.246399999996,-9.691962723220293
2025-11-03,SELL,SHSE.600403,5861,8.26,48411.86,-1582.469999999994,-3.165298944900352
2025-11-03,SELL,SHSE.688498,97,529.0,51313.0,1552.0,3.1189083820662766
2025-11-03,SELL,SZSE.000620,15673,2.73,42787.29,-7209.580000000002,-14.420062695924763
2025-11-03,SELL,SHSE.601608,6451,7.37,47543.87,-2451.3799999999974,-4.9032258064516165
2025-11-03,SELL,SHSE.600403,5813,8.26,48015.38,-1976.4199999999983,-3.953488372093017
2025-11-03,SELL,SZSE.000620,17241,2.73,47067.93,-2930.970000000001,-5.862068965517242
2025-11-03,SELL,SZSE.301377,452,117.4009,53065.2068,3092.9003999999986,6.189228840556371
2025-11-03,SELL,SHSE.601608,6605,7.37,48678.85,-1321.0,-2.6420079260237816
2025-11-03,SELL,SHSE.600403,5387,8.26,44496.619999999995,-5494.739999999998,-10.99137931034483
2025-11-03,BUY,SZSE.301308,179,278.99,49939.21,,
2025-11-03,BUY,SZSE.301377,425,117.4009,49895.3825,,
2025-11-03,BUY,SZSE.300475,348,143.6,49972.799999999996,,
2025-11-03,BUY,SHSE.688183,477,104.75,49965.75,,
2025-11-04,SELL,SZSE.301377,364,119.0244,43324.8816,-6598.4100000000035,-13.217097247650244
2025-11-04,SELL,SZSE.301200,400,122.83,49132.0,-868.0,-1.7360000000000042
2025-11-04,SELL,SZSE.301308,176,263.77,46423.52,-3384.480000000003,-6.79505300353358
2025-11-04,SELL,SZSE.000620,18115,3.0,54345.0,4347.600000000006,8.69565217391306
2025-11-04,BUY,SHSE.688183,461,108.37,49958.57,,
2025-11-04,BUY,SZSE.301377,420,119.0244,49990.248,,
2025-11-04,BUY,SZSE.000620,16666,3.0,49998.0,,
2025-11-04,BUY,SZSE.301308,189,263.77,49852.53,,
2025-11-05,SELL,SZSE.301308,191,259.0,49469.0,-441.2099999999991,-0.8840075006697035
2025-11-05,SELL,SZSE.300475,377,148.3,55909.100000000006,5949.060000000005,11.907636583157256
2025-11-05,SELL,SZSE.301377,408,120.0104,48964.243200000004,-1020.0407999999952,-2.0407230400659393
2025-11-05,SELL,SHSE.688183,459,109.4,50214.600000000006,275.40000000000873,0.5514705882353033
2025-11-05,BUY,SZSE.300438,930,53.71,49950.3,,
2025-11-05,BUY,SZSE.000657,1996,25.05,49999.8,,
2025-11-05,BUY,SZSE.300274,249,200.5,49924.5,,
2025-11-05,BUY,SHSE.688472,2349,21.28,49986.72,,
2025-11-06,BUY,SZSE.300438,946,52.81,49958.26,,
2025-11-06,BUY,SZSE.001203,2332,21.44,49998.08,,
2025-11-06,BUY,SZSE.000555,2347,21.3,49991.1,,
2025-11-06,BUY,SHSE.688027,88,564.23,49652.240000000005,,
2025-11-07,BUY,SZSE.300438,950,52.61,49979.5,,
2025-11-07,BUY,SZSE.001203,2142,23.34,49994.28,,
2025-11-07,BUY,SZSE.300390,1258,39.74,49992.920000000006,,
2025-11-07,BUY,SZSE.301358,606,82.48,49982.880000000005,,
2025-11-10,SELL,SHSE.688472,2349,22.09,51889.409999999996,1902.689999999995,3.8063909774435967
2025-11-10,SELL,SZSE.300274,249,194.0,48306.0,-1618.5,-3.2418952618453845
2025-11-10,SELL,SZSE.000657,1996,23.19,46287.240000000005,-3712.5599999999977,-7.425149700598799
2025-11-10,SELL,SZSE.300438,930,51.16,47578.799999999996,-2371.5000000000073,-4.747719232917524
2025-11-10,SELL,SZSE.301308,189,284.07,53689.229999999996,3836.699999999997,7.696098874019031
2025-11-10,SELL,SZSE.000620,16666,3.48,57997.68,7999.68,15.999999999999993
2025-11-10,SELL,SZSE.301377,420,114.8013,48216.546,-1773.7019999999975,-3.548096020647873
2025-11-10,SELL,SHSE.688183,461,100.97,46547.17,-3411.4000000000015,-6.828458060348808
2025-11-10,SELL,SHSE.688183,477,100.97,48162.69,-1803.0599999999977,-3.6085918854415255
2025-11-10,SELL,SZSE.300475,348,195.82,68145.36,18172.560000000005,36.36490250696378
2025-11-10,SELL,SZSE.301377,425,114.8013,48790.5525,-1104.8300000000017,-2.2142930761178126
2025-11-10,SELL,SZSE.301308,179,284.07,50848.53,909.3199999999997,1.8208537940427982
2025-11-10,BUY,SHSE.688472,2263,22.09,49989.67,,
2025-11-10,BUY,SZSE.002163,3130,15.97,49986.1,,
2025-11-10,BUY,SZSE.300475,255,195.82,49934.1,,
2025-11-10,BUY,SZSE.000688,2390,20.92,49998.8,,
2025-11-11,SELL,SHSE.688027,88,508.71,44766.479999999996,-4885.760000000009,-9.839958882016209
2025-11-11,SELL,SZSE.000555,2347,18.86,44264.42,-5726.68,-11.455399061032868
2025-11-11,SELL,SZSE.001203,2332,24.12,56247.840000000004,6249.760000000002,12.5
2025-11-11,SELL,SZSE.300438,946,55.22,52238.119999999995,2279.8599999999933,4.563529634538899
2025-11-11,BUY,SHSE.688472,2083,24.0,49992.0,,
2025-11-11,BUY,SZSE.300438,905,55.22,49974.1,,
2025-11-11,BUY,SZSE.002163,3190,15.67,49987.3,,
2025-11-11,BUY,SHSE.603530,963,51.88,49960.44,,
2025-11-12,SELL,SZSE.301358,606,79.07,47916.42,-2066.4600000000064,-4.134335596508254
2025-11-12,SELL,SZSE.300390,1258,40.32,50722.56,729.6399999999921,1.4594866633115267
2025-11-12,SELL,SZSE.001203,2142,23.21,49715.82,-278.4599999999991,-0.5569837189374427
2025-11-12,SELL,SZSE.300438,950,54.0,51300.0,1320.5,2.6420832541341976
2025-11-12,BUY,SHSE.688472,2431,20.56,49981.35999999999,,
2025-11-12,BUY,SZSE.300390,1240,40.32,49996.8,,
2025-11-12,BUY,SZSE.001203,2154,23.21,49994.340000000004,,
2025-11-12,BUY,SZSE.300475,256,195.06,49935.36,,
2025-11-13,BUY,SZSE.001203,1958,25.53,49987.740000000005,,
2025-11-13,BUY,SZSE.300821,3576,13.98,49992.48,,
2025-11-13,BUY,SHSE.600550,4032,12.4,49996.8,,
2025-11-13,BUY,SZSE.300475,259,192.97,49979.23,,
2025-11-14,BUY,SZSE.001203,1780,28.08,49982.399999999994,,
2025-11-14,BUY,SHSE.603026,497,100.52,49958.439999999995,,
2025-11-14,BUY,SZSE.300390,1003,49.81,49959.43,,
2025-11-14,BUY,SZSE.300821,3810,13.12,49987.2,,
2025-11-17,SELL,SZSE.300475,256,170.89,43747.84,-6187.520000000004,-12.391059161283714
2025-11-17,SELL,SZSE.001203,2154,30.89,66537.06,16542.719999999994,33.08918569582075
2025-11-17,SELL,SZSE.300390,1240,59.77,74114.8,24118.0,48.239087301587304
2025-11-17,SELL,SHSE.688472,2431,20.22,49154.82,-826.5399999999936,-1.6536964980544688
2025-11-17,SELL,SHSE.603530,963,42.93,41341.59,-8618.850000000006,-17.251349267540483
2025-11-17,SELL,SZSE.002163,3190,15.67,49987.3,0.0,0.0
2025-11-17,SELL,SZSE.300438,905,56.92,51512.6,1538.5,3.078594712060845
2025-11-17,SELL,SHSE.688472,2083,20.22,42118.259999999995,-7873.740000000005,-15.750000000000009
2025-11-17,SELL,SZSE.000688,2390,27.74,66298.59999999999,16299.799999999988,32.6003824091778
2025-11-17,SELL,SZSE.300475,255,170.89,43576.95,-6357.1500000000015,-12.731079562863856
2025-11-17,SELL,SZSE.002163,3130,15.67,49047.1,-939.0,-1.8785222291797132
2025-11-17,SELL,SHSE.688472,2263,20.22,45757.86,-4231.809999999998,-8.465368945224084
2025-11-17,BUY,SZSE.300821,3467,14.42,49994.14,,
2025-11-17,BUY,SZSE.300390,836,59.77,49967.72,,
2025-11-17,BUY,SHSE.603663,1397,35.78,49984.66,,
2025-11-17,BUY,SZSE.002326,1611,31.03,49989.33,,
2025-11-18,SELL,SZSE.300475,259,160.9,41673.1,-8306.130000000005,-16.619163600559673
2025-11-18,SELL,SHSE.600550,4032,10.64,42900.48,-7096.32,-14.193548387096778
2025-11-18,SELL,SZSE.300821,3576,14.54,51995.03999999999,2002.5599999999904,4.005722460658068
2025-11-18,SELL,SZSE.001203,1958,30.82,60345.56,10357.819999999992,20.72072072072071
2025-11-18,BUY,SZSE.002326,1731,28.87,49973.97,,
2025-11-18,BUY,SZSE.300821,3438,14.54,49988.52,,
2025-11-18,BUY,SHSE.603026,520,96.11,49977.2,,
2025-11-18,BUY,SZSE.000688,1841,27.15,49983.149999999994,,
2025-11-19,SELL,SZSE.300821,3810,16.13,61455.299999999996,11468.099999999999,22.942073170731714
2025-11-19,SELL,SZSE.300390,1003,57.44,57612.32,7652.889999999999,15.318209194940756
2025-11-19,SELL,SHSE.603026,497,90.35,44903.95,-5054.489999999998,-10.117389574214087
2025-11-19,SELL,SZSE.001203,1780,32.29,57476.2,7493.800000000003,14.992877492877499
2025-11-19,BUY,SHSE.603026,553,90.35,49963.549999999996,,
2025-11-19,BUY,SZSE.000833,2242,22.3,49996.6,,
2025-11-19,BUY,SZSE.002326,1666,30.0,49980.0,,
2025-11-19,BUY,SZSE.300821,3099,16.13,49986.869999999995,,
2025-11-20,BUY,SZSE.300390,820,60.94,49970.799999999996,,
2025-11-20,BUY,SZSE.300821,3427,14.59,49999.93,,
2025-11-20,BUY,SZSE.000833,2254,22.18,49993.72,,
2025-11-20,BUY,SHSE.601969,3779,13.23,49996.17,,
2025-11-21,BUY,SZSE.300390,1021,48.93,49957.53,,
2025-11-21,BUY,SZSE.000688,1873,26.69,49990.37,,
2025-11-21,BUY,SZSE.001203,1607,31.11,49993.77,,
2025-11-21,BUY,SZSE.300087,4233,11.81,49991.73,,
2025-11-24,SELL,SZSE.300821,3099,12.96,40163.04,-9823.829999999994,-19.65282083075014
2025-11-24,SELL,SZSE.002326,1666,23.83,39700.78,-10279.220000000001,-20.566666666666677
2025-11-24,SELL,SZSE.000833,2242,20.12,45109.04,-4887.559999999998,-9.775784753363226
2025-11-24,SELL,SHSE.603026,553,80.66,44604.979999999996,-5358.57,-10.724958494742665
2025-11-24,SELL,SZSE.000688,1841,24.02,44220.82,-5762.3299999999945,-11.528545119705335
2025-11-24,SELL,SHSE.603026,520,80.66,41943.2,-8034.0,-16.075330350639895
2025-11-24,SELL,SZSE.300821,3438,12.96,44556.48,-5432.039999999994,-10.866574965612097
2025-11-24,SELL,SZSE.002326,1731,23.83,41249.729999999996,-8724.240000000005,-17.45756841011431
2025-11-24,SELL,SZSE.002326,1611,23.83,38390.13,-11599.200000000004,-23.203351595230426
2025-11-24,SELL,SHSE.603663,1397,30.89,43153.33,-6831.330000000002,-13.66685299049749
2025-11-24,SELL,SZSE.300390,836,49.98,41783.28,-8184.440000000002,-16.3794545758742
2025-11-24,SELL,SZSE.300821,3467,12.96,44932.32,-5061.82,-10.124826629680994
2025-11-24,BUY,SZSE.300058,4651,10.75,49998.25,,
2025-11-24,BUY,SZSE.300008,5422,9.22,49990.840000000004,,
2025-11-24,BUY,SZSE.002153,4370,11.44,49992.799999999996,,
2025-11-24,BUY,SZSE.301171,1160,43.08,49972.799999999996,,
2025-11-25,SELL,SHSE.601969,3779,11.55,43647.450000000004,-6348.719999999994,-12.698412698412698
2025-11-25,SELL,SZSE.000833,2254,20.0,45080.0,-4913.720000000001,-9.828674481514877
2025-11-25,SELL,SZSE.300821,3427,13.45,46093.149999999994,-3906.780000000006,-7.813570938999314
2025-11-25,SELL,SZSE.300390,820,50.99,41811.8,-8158.999999999993,-16.32753528060387
2025-11-25,BUY,SHSE.688205,350,142.56,49896.0,,
2025-11-25,BUY,SZSE.300620,340,147.0,49980.0,,
2025-11-25,BUY,SZSE.301171,1089,45.9,49985.1,,
2025-11-25,BUY,SZSE.300390,980,50.99,49970.200000000004,,
2025-11-26,SELL,SZSE.300087,4233,11.42,48340.86,-1650.8700000000026,-3.302286198137172
2025-11-26,SELL,SZSE.001203,1607,28.64,46024.48,-3969.2899999999936,-7.939569270331082
2025-11-26,SELL,SZSE.000688,1873,25.11,47031.03,-2959.340000000004,-5.9198201573623095
2025-11-26,SELL,SZSE.300390,1021,50.36,51417.56,1460.0299999999988,2.922542407520945
2025-11-26,BUY,SZSE.300456,1187,42.09,49960.83,,
2025-11-26,BUY,SZSE.002153,3695,13.53,49993.35,,
2025-11-26,BUY,SHSE.688205,375,133.03,49886.25,,
2025-11-26,BUY,SZSE.301171,1119,44.67,49985.73,,
2025-11-27,BUY,SZSE.300456,1031,48.48,49982.88,,
2025-11-27,BUY,SZSE.301171,1123,44.51,49984.729999999996,,
2025-11-27,BUY,SHSE.688110,373,134.02,49989.46000000001,,
2025-11-27,BUY,SZSE.300620,316,157.91,49899.56,,
2025-11-28,BUY,SZSE.301171,990,42.02,41599.8,,
2025-11-28,BUY,SHSE.688205,340,122.35,41599.0,,
2025-11-28,BUY,SZSE.300620,270,153.8,41526.0,,
2025-11-28,BUY,SZSE.300548,329,126.3,41552.7,,
2025-12-01,SELL,SZSE.301171,1119,40.48,45297.119999999995,-4688.610000000008,-9.379897022610262
2025-12-01,SELL,SHSE.688205,375,124.58,46717.5,-3168.75,-6.351950687814778
2025-12-01,SELL,SZSE.002153,3695,11.99,44303.05,-5690.299999999996,-11.382113821138207
2025-12-01,SELL,SZSE.300456,1187,50.69,60169.03,10208.199999999997,20.43240674744593
2025-12-01,SELL,SZSE.300390,980,55.06,53958.8,3988.5999999999985,7.981957246518934
2025-12-01,SELL,SZSE.301171,1089,40.48,44082.719999999994,-5902.380000000005,-11.808278867102395
2025-12-01,SELL,SZSE.300620,340,151.02,51346.8,1366.800000000003,2.734693877551031
2025-12-01,SELL,SHSE.688205,350,124.58,43603.0,-6293.0,-12.612233445566778
2025-12-01,SELL,SZSE.301171,1160,40.48,46956.799999999996,-3016.0,-6.035283194057572
2025-12-01,SELL,SZSE.002153,4370,11.99,52396.3,2403.5000000000073,4.807692307692313
2025-12-01,SELL,SZSE.300008,5422,7.89,42779.58,-7211.260000000002,-14.425162689804782
2025-12-01,SELL,SZSE.300058,4651,10.29,47858.78999999999,-2139.4600000000064,-4.279069767441868
2025-12-01,BUY,SZSE.301171,1235,40.48,49992.799999999996,,
2025-12-01,BUY,SZSE.300620,331,151.02,49987.62,,
2025-12-01,BUY,SHSE.688523,1193,41.88,49962.840000000004,,
2025-12-01,BUY,SHSE.688048,447,111.85,49996.95,,
2025-12-02,SELL,SZSE.300620,316,144.18,45560.880000000005,-4338.679999999993,-8.694826166803871
2025-12-02,SELL,SHSE.688110,373,117.23,43726.79,-6262.6700000000055,-12.52798089837338
2025-12-02,SELL,SZSE.301171,1123,39.57,44437.11,-5547.619999999995,-11.09862952145585
2025-12-02,SELL,SZSE.300456,1031,58.43,60241.33,10258.450000000004,20.52392739273927
2025-12-02,BUY,SZSE.300620,346,144.18,49886.28,,
2025-12-02,BUY,SZSE.300456,855,58.43,49957.65,,
2025-12-02,BUY,SZSE.300102,2269,22.03,49986.07,,
2025-12-02,BUY,SZSE.002222,985,50.71423,49953.51655,,
2025-12-03,SELL,SZSE.300548,329,118.88,39111.52,-2441.1800000000003,-5.874901029295332
2025-12-03,SELL,SZSE.300620,270,140.49,37932.3,-3593.699999999997,-8.654096228868656
2025-12-03,SELL,SHSE.688205,340,118.05,40137.0,-1462.0,-3.514507560277891
2025-12-03,SELL,SZSE.301171,990,37.55,37174.5,-4425.300000000003,-10.637791527843898
2025-12-03,BUY,SHSE.688048,463,107.77,49897.509999999995,,
2025-12-03,BUY,SZSE.300456,1063,47.0,49961.0,,
2025-12-03,BUY,SZSE.300102,2507,19.94,49989.58,,
2025-12-03,BUY,SHSE.688523,1296,38.57,49986.72,,
2025-12-04,BUY,SZSE.300456,1069,46.75,49975.75,,
2025-12-04,BUY,SHSE.688523,1176,42.51,49991.759999999995,,
2025-12-04,BUY,SZSE.300102,2385,20.96,49989.6,,
2025-12-04,BUY,SZSE.301550,458,109.16,49995.28,,
2025-12-05,BUY,SZSE.300102,1345,23.88,32118.6,,
2025-12-05,BUY,SHSE.688048,249,128.82,32076.179999999997,,
2025-12-05,BUY,SZSE.300115,742,43.31,32136.02,,
2025-12-05,BUY,SZSE.300456,667,48.18,32136.06,,
2025-12-08,SELL,SHSE.688523,1296,42.45,55015.200000000004,5028.480000000003,10.059631838216232
2025-12-08,SELL,SZSE.300102,2507,23.59,59140.13,9150.549999999996,18.304914744232683
2025-12-08,SELL,SZSE.300456,1063,53.65,57029.95,7068.949999999997,14.148936170212757
2025-12-08,SELL,SHSE.688048,463,148.48,68746.23999999999,18848.729999999996,37.77489097151341
2025-12-08,SELL,SZSE.002222,985,57.67247,56807.38295,6853.866399999999,13.720488312649115
2025-12-08,SELL,SZSE.300102,2269,23.59,53525.71,3539.6399999999994,7.081252837040397
2025-12-08,SELL,SZSE.300456,855,53.65,45870.75,-4086.9000000000015,-8.180729077528671
2025-12-08,SELL,SZSE.300620,346,167.25,57868.5,7982.220000000001,16.000832292967115
2025-12-08,SELL,SHSE.688048,447,148.48,66370.56,16373.61,32.74921770227983
2025-12-08,SELL,SHSE.688523,1193,42.45,50642.850000000006,680.010000000002,1.3610315186246336
2025-12-08,SELL,SZSE.300620,331,167.25,55359.75,5372.129999999997,10.74692093762415
2025-12-08,SELL,SZSE.301171,1235,38.18,47152.3,-2840.4999999999927,-5.681818181818176
2025-12-08,BUY,SHSE.603327,3681,13.58,49987.98,,
2025-12-08,BUY,SHSE.688523,1177,42.45,49963.65,,
2025-12-08,BUY,SHSE.688048,336,148.48,49889.28,,
2025-12-08,BUY,SZSE.300394,211,236.9,49985.9,,
2025-12-09,SELL,SZSE.301550,458,116.5,53357.0,3361.720000000001,6.724074752656661
2025-12-09,SELL,SZSE.300102,2385,26.28,62677.8,12688.200000000004,25.38167938931297
2025-12-09,SELL,SHSE.688523,1176,40.88,48074.880000000005,-1916.87999999999,-3.834391907786394
2025-12-09,SELL,SZSE.300456,1069,55.12,58923.28,8947.529999999999,17.903743315508013
2025-12-09,BUY,SHSE.603327,3441,14.53,49997.729999999996,,
2025-12-09,BUY,SZSE.300102,1902,26.28,49984.560000000005,,
2025-12-09,BUY,SZSE.300456,907,55.12,49993.84,,
2025-12-09,BUY,SHSE.600151,3371,14.83,49991.93,,
2025-12-10,SELL,SZSE.300456,667,58.88,39272.96,7136.899999999998,22.20838522208386
2025-12-10,SELL,SZSE.300115,742,42.3,31386.6,-749.4200000000019,-2.3320249365042844
2025-12-10,SELL,SHSE.688048,249,152.64,38007.35999999999,5931.179999999997,18.49091755938519
2025-12-10,SELL,SZSE.300102,1345,25.92,34862.4,2743.800000000003,8.5427135678392
2025-12-10,BUY,SHSE.600151,3501,14.28,49994.28,,
2025-12-10,BUY,SZSE.002353,687,72.71,49951.77,,
2025-12-10,BUY,SZSE.300102,1929,25.92,49999.68,,
2025-12-10,BUY,SHSE.603327,3709,13.48,49997.32,,
2025-12-11,BUY,SHSE.600151,3571,14.0,49994.0,,
2025-12-11,BUY,SHSE.601399,10615,4.71,49996.65,,
2025-12-11,BUY,SZSE.002353,689,72.47,49931.83,,
2025-12-11,BUY,SZSE.300751,276,181.1,49983.6,,
2025-12-12,BUY,SHSE.600151,3246,15.4,49988.4,,
2025-12-12,BUY,SZSE.300102,1899,26.32,49981.68,,
2025-12-12,BUY,SHSE.601399,9652,5.18,49997.36,,
2025-12-12,BUY,SZSE.300394,232,215.16,49917.12,,
2025-12-15,SELL,SHSE.603327,3709,11.89,44100.01,-5897.309999999998,-11.795252225519281
2025-12-15,SELL,SZSE.300102,1929,24.82,47877.78,-2121.9000000000015,-4.243827160493829
2025-12-15,SELL,SZSE.002353,687,75.3,51731.1,1779.3300000000017,3.562095997799486
2025-12-15,SELL,SHSE.600151,3501,16.94,59306.94,9312.660000000003,18.62745098039218
2025-12-15,SELL,SHSE.600151,3371,16.94,57104.740000000005,7112.810000000005,14.227916385704663
2025-12-15,SELL,SZSE.300456,907,65.3,59227.1,9233.260000000002,18.468795355587808
2025-12-15,SELL,SZSE.300102,1902,24.82,47207.64,-2776.9200000000055,-5.555555555555558
2025-12-15,SELL,SHSE.603327,3441,11.89,40913.490000000005,-9084.23999999999,-18.16930488644184
2025-12-15,SELL,SZSE.300394,211,209.62,44229.82,-5756.080000000002,-11.515407344871253
2025-12-15,SELL,SHSE.688048,336,144.5,48552.0,-1337.2799999999988,-2.68049568965516
2025-12-15,SELL,SHSE.688523,1177,41.74,49127.98,-835.6699999999983,-1.6725559481743257
2025-12-15,SELL,SHSE.603327,3681,11.89,43767.090000000004,-6220.889999999999,-12.444771723122239
2025-12-15,BUY,SZSE.300751,308,162.06,49914.48,,
2025-12-15,BUY,SHSE.600151,2951,16.94,49989.94,,
2025-12-15,BUY,SHSE.688048,346,144.5,49997.0,,
2025-12-15,BUY,SHSE.601399,9293,5.38,49996.34,,
2025-12-16,SELL,SZSE.300751,276,157.6,43497.6,-6486.0,-12.976256212037551
2025-12-16,SELL,SZSE.002353,689,70.99,48912.10999999999,-1019.7200000000084,-2.042224368704293
2025-12-16,SELL,SHSE.601399,10615,4.84,51376.6,1379.949999999997,2.7600849256900206
2025-12-16,SELL,SHSE.600151,3571,17.18,61349.78,11355.779999999999,22.714285714285708
2025-12-16,BUY,SZSE.003031,734,68.07,49963.38,,
2025-12-16,BUY,SZSE.300751,317,157.6,49959.2,,
2025-12-16,BUY,SZSE.000901,1960,25.5,49980.0,,
2025-12-16,BUY,SHSE.688270,443,112.68,49917.240000000005,,
2025-12-17,SELL,SZSE.300394,232,217.78,50524.96,607.8399999999965,1.2176984569622684
2025-12-17,SELL,SHSE.601399,9652,5.32,51348.64,1351.2799999999988,2.7027027027027195
2025-12-17,SELL,SZSE.300102,1899,24.26,46069.740000000005,-3911.939999999995,-7.826747720364735
2025-12-17,SELL,SHSE.600151,3246,18.12,58817.520000000004,8829.120000000003,17.66233766233767
2025-12-17,BUY,SZSE.003031,667,74.88,49944.96,,
2025-12-17,BUY,SHSE.601399,9398,5.32,49997.36,,
2025-12-17,BUY,SZSE.002149,1604,31.17,49996.68,,
2025-12-17,BUY,SZSE.301205,287,174.0,49938.0,,
2025-12-18,BUY,SZSE.000950,7323,6.827125,49995.036374999996,,
2025-12-18,BUY,SHSE.600118,887,56.31,49946.97,,
2025-12-18,BUY,SZSE.002149,1458,34.29,49994.82,,
2025-12-18,BUY,SZSE.003031,664,75.25,49966.0,,
2025-12-19,BUY,SHSE.603698,1820,27.47,49995.4,,
2025-12-19,BUY,SHSE.600879,2767,18.07,49999.69,,
2025-12-19,BUY,SHSE.688270,442,112.99,49941.579999999994,,
2025-12-19,BUY,SZSE.002149,1325,37.72,49979.0,,
2025-12-22,SELL,SZSE.301205,287,173.1,49679.7,-258.3000000000029,-0.5172413793103514
2025-12-22,SELL,SZSE.002149,1604,37.3,59829.2,9832.519999999997,19.66634584536411
2025-12-22,SELL,SHSE.601399,9398,5.63,52910.74,2913.3799999999974,5.827067669172914
2025-12-22,SELL,SZSE.003031,667,78.24,52186.079999999994,2241.1199999999953,4.487179487179493
2025-12-22,SELL,SHSE.688270,443,112.49,49833.07,-84.17000000000553,-0.1686190983315683
2025-12-22,SELL,SZSE.000901,1960,23.88,46804.799999999996,-3175.2000000000044,-6.352941176470594
2025-12-22,SELL,SZSE.300751,317,161.02,51043.340000000004,1084.1400000000067,2.1700507614213382
2025-12-22,SELL,SZSE.003031,734,78.24,57428.159999999996,7464.779999999999,14.940502423975332
2025-12-22,SELL,SHSE.601399,9293,5.63,52319.59,2323.25,4.646840148698894
2025-12-22,SELL,SHSE.688048,346,141.0,48786.0,-1211.0,-2.422145328719727
2025-12-22,SELL,SHSE.600151,2951,17.84,52645.84,2655.899999999994,5.312868949232574
2025-12-22,SELL,SZSE.300751,308,161.02,49594.16,-320.3199999999997,-0.6417376280389964
2025-12-22,BUY,SHSE.688270,444,112.49,49945.56,,
2025-12-22,BUY,SHSE.600151,2802,17.84,49987.68,,
2025-12-22,BUY,SZSE.301205,288,173.1,49852.799999999996,,
2025-12-22,BUY,SHSE.600879,2871,17.41,49984.11,,
2025-12-23,SELL,SZSE.003031,664,76.71,50935.439999999995,969.439999999995,1.940199335548165
2025-12-23,SELL,SZSE.002149,1458,38.72,56453.759999999995,6458.939999999995,12.919218431029456
2025-12-23,SELL,SHSE.600118,887,60.11,53317.57,3370.5999999999985,6.7483573077606
2025-12-23,SELL,SZSE.000950,7323,6.687795,48974.722785000005,-1020.3135899999907,-2.040829778274156
2025-12-23,BUY,SHSE.688270,462,108.1,49942.2,,
2025-12-23,BUY,SZSE.002536,1572,31.79,49973.88,,
2025-12-23,BUY,SZSE.301205,268,186.39,49952.52,,
2025-12-23,BUY,SHSE.603698,1616,30.93,49982.88,,
2025-12-24,SELL,SZSE.002149,1325,42.0,55650.0,5671.0,11.346765641569467
2025-12-24,SELL,SHSE.688270,442,114.2,50476.4,534.820000000007,1.070891229312343
2025-12-24,SELL,SHSE.600879,2767,16.92,46817.64000000001,-3182.0499999999956,-6.36413945766463
2025-12-24,SELL,SHSE.603698,1820,34.02,61916.40000000001,11921.000000000007,23.844193665817272
2025-12-24,BUY,SZSE.002149,1190,42.0,49980.0,,
2025-12-24,BUY,SZSE.002536,1607,31.11,49993.77,,
2025-12-24,BUY,SZSE.301205,277,180.29,49940.329999999994,,
2025-12-24,BUY,SZSE.002837,449,111.17,49915.33,,
2025-12-25,BUY,SZSE.002536,1490,33.55,49989.49999999999,,
2025-12-25,BUY,SZSE.002149,1082,46.2,49988.4,,
2025-12-25,BUY,SHSE.688270,374,133.5,49929.0,,
2025-12-25,BUY,SZSE.301205,280,178.39,49949.2,,
2025-12-26,BUY,SHSE.688387,4115,12.15,49997.25,,
2025-12-26,BUY,SHSE.600118,625,80.0,50000.0,,
2025-12-26,BUY,SHSE.600179,7633,6.55,49996.15,,
2025-12-26,BUY,SZSE.002149,1068,46.78,49961.04,,
2025-12-29,SELL,SZSE.002837,449,109.32,49084.68,-830.6500000000015,-1.6641180174507553
2025-12-29,SELL,SZSE.301205,277,171.6,47533.2,-2407.1299999999974,-4.82001220256254
2025-12-29,SELL,SZSE.002536,1607,31.08,49945.56,-48.20999999999913,-0.0964320154291265
2025-12-29,SELL,SZSE.002149,1190,44.71,53204.9,3224.9000000000015,6.452380952380965
2025-12-29,SELL,SHSE.603698,1616,37.11,59969.76,9986.880000000005,19.980601357904938
2025-12-29,SELL,SZSE.301205,268,171.6,45988.799999999996,-3963.720000000001,-7.934975052309667
2025-12-29,SELL,SZSE.002536,1572,31.08,48857.759999999995,-1116.1200000000026,-2.233406731676635
2025-12-29,SELL,SHSE.688270,462,128.14,59200.67999999999,9258.479999999996,18.538390379278447
2025-12-29,SELL,SHSE.600879,2871,19.28,55352.880000000005,5368.770000000004,10.740953475014358
2025-12-29,SELL,SZSE.301205,288,171.6,49420.799999999996,-432.0,-0.8665511265164683
2025-12-29,SELL,SHSE.600151,2802,18.29,51248.579999999994,1260.8999999999942,2.522421524663665
2025-12-29,SELL,SHSE.688270,444,128.14,56894.159999999996,6948.5999999999985,13.912347764245702
2025-12-29,BUY,SZSE.002149,1118,44.71,49985.78,,
2025-12-29,BUY,SZSE.301611,584,85.5,49932.0,,
2025-12-29,BUY,SHSE.600118,568,88.0,49984.0,,
2025-12-29,BUY,SHSE.600783,2154,23.21,49994.340000000004,,
2025-12-30,SELL,SZSE.301205,280,171.12,47913.6,-2035.5999999999985,-4.075340545994721
2025-12-30,SELL,SHSE.688270,374,121.0,45254.0,-4675.0,-9.363295880149813
2025-12-30,SELL,SZSE.002149,1082,43.0,46526.0,-3462.4000000000015,-6.926406926406936
2025-12-30,SELL,SZSE.002536,1490,32.06,47769.4,-2220.0999999999913,-4.44113263785394
2025-12-30,BUY,SZSE.301611,574,87.01,49943.740000000005,,
2025-12-30,BUY,SZSE.002837,441,113.2,49921.200000000004,,
2025-12-30,BUY,SZSE.300136,943,53.0,49979.0,,
2025-12-30,BUY,SHSE.600179,9107,5.49,49997.43,,
2025-12-31,SELL,SZSE.002149,1068,45.51,48604.68,-1356.3600000000006,-2.714835399743487
2025-12-31,SELL,SHSE.600179,7633,5.52,42134.159999999996,-7861.990000000005,-15.725190839694658
2025-12-31,SELL,SHSE.600118,625,94.95,59343.75,9343.75,18.687500000000014
2025-12-31,SELL,SHSE.688387,4115,12.9,53083.5,3086.25,6.172839506172845
2025-12-31,BUY,SZSE.002149,1098,45.51,49969.979999999996,,
2025-12-31,BUY,SHSE.688387,3875,12.9,49987.5,,
2025-12-31,BUY,SHSE.603698,1290,38.75,49987.5,,
2025-12-31,BUY,SZSE.002163,2097,23.84,49992.48,,
2026-01-05,SELL,SZSE.002163,2097,21.46,45001.62,-4990.860000000001,-9.983221476510062
2026-01-05,SELL,SHSE.603698,1290,38.4,49536.0,-451.5,-0.903225806451613
2026-01-05,SELL,SHSE.688387,3875,12.7,49212.5,-775.0,-1.5503875968992276
2026-01-05,SELL,SZSE.002149,1098,46.03,50540.94,570.9600000000064,1.1426060206548128
2026-01-05,SELL,SHSE.600179,9107,5.2,47356.4,-2641.029999999999,-5.282331511839711
2026-01-05,SELL,SZSE.300136,943,65.61,61870.229999999996,11891.229999999996,23.792452830188672
2026-01-05,SELL,SZSE.002837,441,106.0,46746.0,-3175.2000000000044,-6.360424028268552
2026-01-05,SELL,SZSE.301611,574,86.75,49794.5,-149.24000000000524,-0.2988162280197715
2026-01-05,SELL,SHSE.600783,2154,22.26,47948.04,-2046.300000000003,-4.093063334769498
2026-01-05,SELL,SHSE.600118,568,99.45,56487.6,6503.5999999999985,13.011363636363637
2026-01-05,SELL,SZSE.301611,584,86.75,50662.0,730.0,1.4619883040935644
2026-01-05,SELL,SZSE.002149,1118,46.03,51461.54,1475.760000000002,2.9523596510847794
2026-01-05,BUY,SHSE.603698,1302,38.4,49996.799999999996,,
2026-01-05,BUY,SHSE.600118,502,99.45,49923.9,,
2026-01-05,BUY,SHSE.600783,2246,22.26,49995.96000000001,,
2026-01-05,BUY,SZSE.300058,3617,13.82,49986.94,,
2026-01-06,BUY,SHSE.600783,2041,24.49,49984.09,,
2026-01-06,BUY,SHSE.688523,669,74.63,49927.469999999994,,
2026-01-06,BUY,SHSE.601698,1156,43.23,49973.88,,
2026-01-06,BUY,SZSE.301611,500,99.81,49905.0,,
2026-01-07,BUY,SHSE.600783,1855,26.94,49973.700000000004,,
2026-01-07,BUY,SHSE.600118,498,100.23,49914.54,,
2026-01-07,BUY,SZSE.301363,1203,41.56,49996.68,,
2026-01-07,BUY,SZSE.300136,746,67.01,49989.46000000001,,
2026-01-08,BUY,SZSE.300136,656,76.2,49987.200000000004,,
2026-01-08,BUY,SZSE.000559,2701,18.51,49995.51,,
2026-01-08,BUY,SZSE.300058,3320,15.06,49999.200000000004,,
2026-01-08,BUY,SHSE.600118,490,102.0,49980.0,,
2026-01-09,BUY,SHSE.601698,1020,48.98,49959.6,,
2026-01-09,BUY,SHSE.688523,627,79.62,49921.740000000005,,
2026-01-09,BUY,SZSE.300136,665,75.15,49974.75000000001,,
2026-01-09,BUY,SZSE.000559,2518,19.85,49982.3,,
2026-01-12,SELL,SZSE.300136,746,83.11,62000.06,12010.599999999991,24.02626473660647
2026-01-12,SELL,SZSE.301363,1203,39.41,47410.229999999996,-2586.4500000000044,-5.17324350336864
2026-01-12,SELL,SHSE.600118,498,116.66,58096.68,8182.139999999999,16.392297715254898
2026-01-12,SELL,SHSE.600783,1855,35.85,66501.75,16528.049999999996,33.07349665924275
2026-01-12,SELL,SZSE.301611,500,118.0,59000.0,9095.0,18.22462679090271
2026-01-12,SELL,SHSE.601698,1156,53.88,62285.280000000006,12311.400000000009,24.635669673837633
2026-01-12,SELL,SHSE.688523,669,90.76,60718.44,10790.970000000008,21.61329224172586
2026-01-12,SELL,SHSE.600783,2041,35.85,73169.85,23185.76000000001,46.38628011433239
2026-01-12,SELL,SZSE.300058,3617,20.62,74582.54000000001,24595.600000000006,49.2040520984081
2026-01-12,SELL,SHSE.600783,2246,35.85,80519.1,30523.14,61.05121293800539
2026-01-12,SELL,SHSE.600118,502,116.66,58563.32,8639.419999999998,17.30517848164905
2026-01-12,SELL,SHSE.603698,1302,48.4,63016.799999999996,13020.0,26.041666666666675
2026-01-12,BUY,SZSE.300058,2424,20.62,49982.880000000005,,
2026-01-12,BUY,SHSE.688523,550,90.76,49918.0,,
2026-01-12,BUY,SHSE.601698,927,53.88,49946.76,,
2026-01-12,BUY,SZSE.300136,601,83.11,49949.11,,
2026-01-13,SELL,SHSE.600118,490,121.52,59544.799999999996,9564.799999999996,19.137254901960787
2026-01-13,SELL,SZSE.300058,3320,20.85,69222.0,19222.799999999996,38.446215139442245
2026-01-13,SELL,SZSE.000559,2701,18.95,51183.95,1188.439999999995,2.377093462992974
2026-01-13,SELL,SZSE.300136,656,74.1,48609.6,-1377.6000000000058,-2.75590551181103
2026-01-13,BUY,SHSE.601698,1031,48.49,49993.19,,
2026-01-13,BUY,SZSE.301293,528,94.63,49964.64,,
2026-01-13,BUY,SZSE.002465,2066,24.2,49997.2,,
2026-01-13,BUY,SZSE.002195,4170,11.99,49998.3,,
2026-01-14,SELL,SZSE.000559,2518,18.79,47313.22,-2669.0800000000017,-5.3400503778337605
2026-01-14,SELL,SZSE.300136,665,75.3,50074.5,99.74999999999272,0.19960079840317668
2026-01-14,SELL,SHSE.688523,627,71.03,44535.81,-5385.930000000008,-10.788746546093952
2026-01-14,SELL,SHSE.601698,1020,43.64,44512.8,-5446.799999999996,-10.902409146590442
2026-01-14,BUY,SZSE.301171,614,81.32,49930.479999999996,,
2026-01-14,BUY,SHSE.600783,1408,35.5,49984.0,,
2026-01-14,BUY,SZSE.002195,3790,13.19,49990.1,,
2026-01-14,BUY,SZSE.002202,1497,33.38,49969.86,,
2026-01-15,BUY,SZSE.002195,4212,11.87,49996.439999999995,,
2026-01-15,BUY,SZSE.300058,2715,18.41,49983.15,,
2026-01-15,BUY,SZSE.300170,1631,30.65,49990.149999999994,,
2026-01-15,BUY,SHSE.688375,369,135.39,49958.909999999996,,
2026-01-16,BUY,SHSE.688387,2523,19.81,49980.63,,
2026-01-16,BUY,SHSE.688270,255,195.4,49827.0,,
2026-01-16,BUY,SHSE.688375,364,137.16,49926.24,,
2026-01-16,BUY,SZSE.300244,1978,25.27,49984.06,,
2026-01-19,SELL,SZSE.002202,1497,27.7,41466.9,-8502.96,-17.01617735170762
2026-01-19,SELL,SZSE.002195,3790,9.62,36459.799999999996,-13530.300000000003,-27.065959059893864
2026-01-19,SELL,SHSE.600783,1408,26.01,36622.08,-13361.919999999998,-26.732394366197177
2026-01-19,SELL,SZSE.301171,614,81.32,49930.479999999996,0.0,0.0
2026-01-19,SELL,SZSE.002195,4170,9.62,40115.399999999994,-9882.900000000009,-19.766472060050045
2026-01-19,SELL,SZSE.002465,2066,19.4,40080.399999999994,-9916.800000000003,-19.834710743801654
2026-01-19,SELL,SZSE.301293,528,80.88,42704.64,-7260.0,-14.530275811053572
2026-01-19,SELL,SHSE.601698,1031,39.79,41023.49,-8969.700000000004,-17.941843679109105
2026-01-19,SELL,SZSE.300136,601,78.25,47028.25,-2920.8600000000006,-5.8476717603176525
2026-01-19,SELL,SHSE.601698,927,39.79,36885.33,-13061.43,-26.15070527097254
2026-01-19,SELL,SHSE.688523,550,66.17,36393.5,-13524.5,-27.09343323049802
2026-01-19,SELL,SZSE.300058,2424,16.91,40989.840000000004,-8993.04,-17.992240543161987
2026-01-19,BUY,SZSE.300244,1951,25.62,49984.62,,
2026-01-19,BUY,SHSE.688387,2619,19.09,49996.71,,
2026-01-19,BUY,SZSE.301171,614,81.32,49930.479999999996,,
2026-01-19,BUY,SZSE.002131,4807,10.4,49992.8,,
2026-01-20,SELL,SHSE.688375,369,126.9,46826.1,-3132.8099999999977,-6.270773321515611
2026-01-20,SELL,SZSE.300170,1631,26.31,42911.61,-7078.539999999994,-14.159869494290378
2026-01-20,SELL,SZSE.300058,2715,17.78,48272.700000000004,-1710.449999999997,-3.4220532319391594
2026-01-20,SELL,SZSE.002195,4212,9.54,40182.479999999996,-9813.96,-19.629317607413654
2026-01-20,BUY,SZSE.002131,4807,10.4,49992.8,,
2026-01-20,BUY,SZSE.301171,768,65.06,49966.08,,
2026-01-20,BUY,SHSE.601179,3198,15.63,49984.740000000005,,
2026-01-20,BUY,SZSE.002716,4032,12.4,49996.8,,
2026-01-21,SELL,SZSE.300244,1978,26.46,52337.880000000005,2353.820000000007,4.709141274238227
2026-01-21,SELL,SHSE.688375,364,122.77,44688.28,-5237.959999999999,-10.491396908719741
2026-01-21,SELL,SHSE.688270,255,173.56,44257.8,-5569.199999999997,-11.1770726714432
2026-01-21,SELL,SHSE.688387,2523,17.55,44278.65,-5701.979999999996,-11.408379606259455
2026-01-21,BUY,SHSE.688525,262,190.36,49874.32000000001,,
2026-01-21,BUY,SZSE.002716,3665,13.64,49990.6,,
2026-01-21,BUY,SZSE.300244,1889,26.46,49982.94,,
2026-01-21,BUY,SZSE.301171,839,59.59,49996.01,,
2026-01-22,BUY,SHSE.601179,3234,15.46,49997.64,,
2026-01-22,BUY,SZSE.002716,3333,15.0,49995.0,,
2026-01-22,BUY,SHSE.688525,266,187.8,49954.8,,
2026-01-22,BUY,SZSE.000657,1176,42.51,49991.759999999995,,
2026-01-23,BUY,SHSE.688525,268,186.46,49971.28,,
2026-01-23,BUY,SHSE.688516,555,90.01,49955.55,,
2026-01-23,BUY,SZSE.001337,995,50.23,49978.85,,
2026-01-23,BUY,SZSE.002716,3041,16.44,49994.04,,
2026-01-26,SELL,SZSE.301171,839,63.0,52857.0,2860.989999999998,5.7224366504446955
2026-01-26,SELL,SZSE.300244,1889,26.23,49548.47,-434.47000000000116,-0.8692365835223037
2026-01-26,SELL,SZSE.002716,3665,18.08,66263.2,16272.599999999999,32.55131964809381
2026-01-26,SELL,SHSE.688525,262,180.6,47317.2,-2557.12000000001,-5.127127547804166
2026-01-26,SELL,SZSE.002716,4032,18.08,72898.56,22901.759999999995,45.806451612903196
2026-01-26,SELL,SHSE.601179,3198,16.15,51647.7,1662.9599999999919,3.3269353806781643
2026-01-26,SELL,SZSE.301171,768,63.0,48384.0,-1582.0800000000017,-3.1663080233630514
2026-01-26,SELL,SZSE.002131,4807,8.0,38456.0,-11536.800000000003,-23.076923076923084
2026-01-26,SELL,SZSE.002131,4807,8.0,38456.0,-11536.800000000003,-23.076923076923084
2026-01-26,SELL,SZSE.301171,614,63.0,38682.0,-11248.479999999996,-22.528283325135256
2026-01-26,SELL,SHSE.688387,2619,17.9,46880.1,-3116.6100000000006,-6.233630172865379
2026-01-26,SELL,SZSE.300244,1951,26.23,51174.73,1190.1100000000006,2.3809523809523725
2026-01-26,BUY,SZSE.002716,2765,18.08,49991.2,,
2026-01-26,BUY,SZSE.001337,904,55.25,49946.0,,
2026-01-26,BUY,SHSE.601212,4382,11.41,49998.62,,
2026-01-26,BUY,SZSE.000657,1010,49.47,49964.7,,
2026-01-27,SELL,SZSE.000657,1176,50.49,59376.240000000005,9384.48000000001,18.77205363443897
2026-01-27,SELL,SHSE.688525,266,186.3,49555.8,-399.0,-0.7987220447284393
2026-01-27,SELL,SZSE.002716,3333,17.64,58794.12,8799.120000000003,17.599999999999994
2026-01-27,SELL,SHSE.601179,3234,15.39,49771.26,-226.37999999999738,-0.4527813712807305
2026-01-27,BUY,SHSE.688766,196,255.0,49980.0,,
2026-01-27,BUY,SZSE.001337,822,60.78,49961.16,,
2026-01-27,BUY,SHSE.601212,3984,12.55,49999.200000000004,,
2026-01-27,BUY,SHSE.688726,741,67.46,49987.85999999999,,
2026-01-28,SELL,SZSE.002716,3041,19.4,58995.399999999994,9001.359999999993,18.00486618004864
2026-01-28,SELL,SZSE.001337,995,66.86,66525.7,16546.85,33.10770455902847
2026-01-28,SELL,SHSE.688516,555,98.0,54390.0,4434.449999999997,8.876791467614709
2026-01-28,SELL,SHSE.688525,268,191.35,51281.799999999996,1310.5199999999968,2.622546390646785
2026-01-28,BUY,SHSE.688516,510,98.0,49980.0,,
2026-01-28,BUY,SZSE.002716,2577,19.4,49993.799999999996,,
2026-01-28,BUY,SHSE.601212,3620,13.81,49992.200000000004,,
2026-01-28,BUY,SZSE.001337,747,66.86,49944.42,,
2026-01-29,BUY,SZSE.002716,2364,21.15,49998.6,,
2026-01-29,BUY,SZSE.001337,679,73.53,49926.87,,
2026-01-29,BUY,SHSE.601212,3291,15.19,49990.29,,
2026-01-29,BUY,SHSE.688516,517,96.56,49921.520000000004,,
2026-01-30,BUY,SHSE.688516,526,95.0,49970.0,,
2026-01-30,BUY,SHSE.688726,761,65.68,49982.48,,
2026-01-30,BUY,SZSE.002716,2626,19.04,49999.04,,
2026-01-30,BUY,SZSE.001337,755,66.18,49965.90000000001,,
2026-02-02,SELL,SZSE.001337,747,59.56,44491.32,-5453.0999999999985,-10.918336823212682
2026-02-02,SELL,SHSE.601212,3620,12.3,44526.0,-5466.200000000004,-10.934105720492393
2026-02-02,SELL,SZSE.002716,2577,17.14,44169.78,-5824.019999999997,-11.649484536082467
2026-02-02,SELL,SHSE.688516,510,96.87,49403.700000000004,-576.2999999999956,-1.153061224489793
2026-02-02,SELL,SHSE.688726,741,63.19,46823.79,-3164.0699999999924,-6.32967684553809
2026-02-02,SELL,SHSE.601212,3984,12.3,49003.200000000004,-996.0,-1.9920318725099584
2026-02-02,SELL,SZSE.001337,822,59.56,48958.32,-1002.8400000000038,-2.0072392234287584
2026-02-02,SELL,SHSE.688766,196,266.18,52171.28,2191.279999999999,4.3843137254901965
2026-02-02,SELL,SZSE.000657,1010,45.6,46056.0,-3908.699999999997,-7.822922983626435
2026-02-02,SELL,SHSE.601212,4382,12.3,53898.600000000006,3899.980000000003,7.800175284837874
2026-02-02,SELL,SZSE.001337,904,59.56,53842.240000000005,3896.2400000000052,7.800904977375578
2026-02-02,SELL,SZSE.002716,2765,17.14,47392.1,-2599.0999999999985,-5.199115044247771
2026-02-02,BUY,SZSE.001337,839,59.56,49970.840000000004,,
2026-02-02,BUY,SHSE.601212,4065,12.3,49999.5,,
2026-02-02,BUY,SHSE.688516,516,96.87,49984.920000000006,,
2026-02-02,BUY,SZSE.002716,2917,17.14,49997.380000000005,,
2026-02-03,SELL,SHSE.688516,517,116.24,60096.079999999994,10174.55999999999,20.381110190555084
2026-02-03,SELL,SHSE.601212,3291,11.07,36431.37,-13558.919999999998,-27.1231073074391
2026-02-03,SELL,SZSE.001337,679,56.06,38064.74,-11862.130000000005,-23.759009927920573
2026-02-03,SELL,SZSE.002716,2364,15.43,36476.52,-13522.080000000002,-27.04491725768321
2026-02-03,BUY,SHSE.688726,719,69.5,49970.5,,
2026-02-03,BUY,SHSE.688516,430,116.24,49983.2,,
2026-02-03,BUY,SHSE.688766,173,288.11,49843.03,,
2026-02-03,BUY,SHSE.600916,3849,12.99,49998.51,,
2026-02-04,SELL,SZSE.001337,755,51.05,38542.75,-11423.150000000009,-22.861891810214573
2026-02-04,SELL,SZSE.002716,2626,15.44,40545.44,-9453.599999999999,-18.907563025210084
2026-02-04,SELL,SHSE.688726,761,73.9,56237.9,6255.419999999998,12.51522533495737
2026-02-04,SELL,SHSE.688516,526,117.54,61826.04,11856.04,23.726315789473684
2026-02-04,BUY,SHSE.605376,499,100.1,49949.899999999994,,
2026-02-04,BUY,SZSE.002155,1391,35.92,49964.72,,
2026-02-04,BUY,SHSE.688726,676,73.9,49956.4,,
2026-02-04,BUY,SZSE.300017,2990,16.72,49992.799999999996,,
2026-02-05,BUY,SZSE.300017,2782,17.97,49992.53999999999,,
2026-02-05,BUY,SHSE.603103,1579,31.66,49991.14,,
2026-02-05,BUY,SHSE.600986,3221,15.52,49989.92,,
2026-02-05,BUY,SZSE.002155,1528,32.71,49980.880000000005,,
2026-02-06,BUY,SZSE.002155,1390,35.96,49984.4,,
2026-02-06,BUY,SHSE.688726,689,72.5,49952.5,,
2026-02-06,BUY,SHSE.688516,424,117.8,49947.2,,
2026-02-06,BUY,SHSE.603103,1497,33.4,49999.799999999996,,
